0,1,2,3,4,5,6,7,8,9,10,11,12,13,14,15,16,17,18,19,20,21,22,23,24,25,26,27,28,29,30,31,32,33,34,35,36,37,38,39,40,41,42,43,44,45,46,47,48,49,50,51,52,53,54,55,56,57,58,59,60,61,62,63,64,65,66,67,68,69,70,71,72,73,74,75,76,77,78,79,80,81,82,83,84,85,86,87,88,89,90,91,92,93,94,95,96,97,98,99,100,101,102,103,104,105,106,107,108,109,110,111,112,113,114,115,116,117,118,119,120,121,122,123,124,125,126,127,128,129,130,131,132,133,134,135,136,137,138,139,140,141,142,143,144,145,146,147,148,149,150,151,152,153,154,155,156,157,158,159,160,161,162,163,164,165,166,167,168,169,170,171,172,173,174
2280,2226,6198,184,1242,688,566,568,2190,88,2516,128,3492,278,400,812,496,1660,510,3192,670,428,3804,290,5708,298,2546,192,62,814,874,1964,4674,122,396,436,484,2764,2074,1470,278,4916,1100,568,1472,1102,1010,4788,1370,590,1402,288,2488,506,76,1102,1406,2208,658,742,416,894,2224,1292,314,56,344,1176,2118,324,1960,6922,666,546,900,6382,1940,666,3226,1344,720,406,5350,136,246,380,1026,1020,648,1042,3802,2786,230,1582,1162,3046,1104,568,2408,138,1204,1114,606,1206,1812,704,54,1068,3464,956,6642,262,18,2942,118,2090,552,2494,1450,5080,616,1026,330,824,838,496,1978,1492,406,9028,16,1022,1988,2386,3868,1818,134,5134,934,562,3966,436,330,2086,652,144,3970,1472,3954,232,892,340,3092,2116,1200,1000,6342,562,138,3302,332,220,1614,1590,128,1030,414,1444,802,468,1042,568,930,1044,2352
1140,1113,3099,92,621,344,283,284,1095,44,1258,64,1746,139,200,406,248,830,255,1596,335,214,1902,145,2854,149,1273,96,31,407,437,982,2337,61,198,218,242,1382,1037,735,139,2458,550,284,736,551,505,2394,685,295,701,144,1244,253,38,551,703,1104,329,371,208,447,1112,646,157,28,172,588,1059,162,980,3461,333,273,450,3191,970,333,1613,672,360,203,2675,68,123,190,513,510,324,521,1901,1393,115,791,581,1523,552,284,1204,69,602,557,303,603,906,352,27,534,1732,478,3321,131,9,1471,59,1045,276,1247,725,2540,308,513,165,412,419,248,989,746,203,4514,8,511,994,1193,1934,909,67,2567,467,281,1983,218,165,1043,326,72,1985,736,1977,116,446,170,1546,1058,600,500,3171,281,69,1651,166,110,807,795,64,515,207,722,401,234,521,284,465,522,1176
1211,1378,2821,113,575,319,267,295,1167,52,1314,64,1807,134,193,304,260,926,264,1632,346,214,2086,154,2544,144,1261,86,26,437,430,942,2691,69,201,176,202,1194,985,851,126,2560,626,292,817,602,566,1929,677,262,735,132,1269,324,41,576,708,1196,353,438,181,440,1209,654,165,29,176,561,881,158,902,3768,320,291,464,3662,1011,254,1270,680,456,177,2338,61,115,190,407,506,313,677,2218,1414,112,775,591,1285,503,295,1266,65,574,550,320,611,865,353,26,649,1055,495,3164,146,9,1174,75,954,239,1252,712,2516,284,477,182,171,412,286,1199,863,258,5296,8,479,990,1313,2126,1209,58,2556,434,273,1835,194,161,878,314,65,2022,702,2115,118,486,180,1467,1077,523,565,2989,245,67,1643,167,102,884,850,68,577,231,655,449,224,600,224,577,492,1258
1238,1587,2356,107,520,265,296,316,1186,42,1387,70,1629,142,184,338,301,1035,256,1900,316,257,2314,171,2397,174,1207,78,26,404,548,934,2481,69,174,212,180,1186,1021,1064,109,2673,591,318,871,694,558,1146,819,277,861,142,1315,401,44,781,769,1329,394,500,184,362,1125,634,165,31,180,660,769,145,993,3912,319,285,512,4673,1008,245,1331,672,418,218,1678,75,104,198,418,577,321,678,2270,1747,120,799,633,1155,572,326,1255,91,623,537,305,597,869,373,22,696,1207,514,3094,178,9,1177,77,1014,231,1259,763,2390,261,556,213,91,377,245,1157,619,282,4537,7,482,923,1016,1992,903,20,2388,442,311,2013,191,158,1069,309,59,1812,685,2199,104,490,184,1072,1117,528,531,3545,292,67,1784,122,123,948,948,52,473,209,620,473,231,607,275,407,421,1109
1093,2075,2964,117,578,371,359,349,1151,48,1418,70,1783,149,176,305,314,1285,259,2629,321,238,1905,222,2279,166,1230,86,26,376,566,1020,2472,71,204,203,232,1420,1235,1202,110,2586,579,381,762,792,533,1284,891,297,704,144,1288,222,51,894,729,1311,228,523,187,370,1326,659,172,28,179,853,775,124,1189,3978,381,260,384,4959,1105,240,1162,585,471,209,1499,85,102,207,432,700,307,863,2659,1668,124,960,748,924,545,364,978,119,728,549,308,680,1137,380,20,655,1226,799,2536,190,10,1244,103,977,236,1231,814,2472,216,521,229,105,249,238,1117,614,290,5689,6,636,941,1318,2143,643,22,2986,466,348,2412,221,176,1164,299,42,1530,762,2671,93,467,188,1324,1032,439,509,3084,307,58,1794,142,114,916,1029,42,550,227,648,447,232,563,188,338,432,1148
966,2269,3390,135,614,432,341,428,1107,49,1091,76,1802,132,169,371,324,1134,258,2805,319,197,1492,220,2377,151,1364,101,25,357,468,1163,2741,74,200,234,238,1399,1402,1147,52,2640,481,424,815,809,533,1468,649,248,650,126,1323,217,47,993,735,1565,197,585,212,424,1651,576,185,31,156,871,844,91,992,4503,365,283,384,6470,1361,245,1140,598,527,217,1516,82,113,199,472,706,285,944,3382,1932,185,847,792,813,455,385,963,121,669,589,284,723,1140,355,25,609,1176,828,1986,150,11,1379,115,1143,191,1167,894,3183,194,482,248,94,258,228,1060,623,275,5616,5,582,1044,1384,2032,818,18,1884,590,347,2523,203,198,1046,289,44,1418,600,2834,88,409,196,1279,1096,469,480,3107,260,69,2138,160,117,1270,1006,46,285,189,640,398,250,535,183,382,459,1181
758,2430,3575,178,802,511,330,552,1046,43,1198,70,1942,151,161,375,314,1166,296,2232,326,224,1535,200,2236,152,1489,109,27,341,443,1305,2597,79,203,265,264,1724,1509,1530,27,1610,443,405,878,815,565,1176,535,254,638,123,1356,299,50,971,708,1351,215,622,206,485,1719,585,140,32,161,1025,655,110,982,4257,363,303,402,5355,936,227,1152,553,570,232,1277,91,124,199,417,735,332,934,3707,1571,182,846,804,640,466,310,957,114,741,533,303,840,1253,383,24,614,1245,888,2014,160,11,1389,84,1311,214,1220,928,3268,188,493,296,99,261,227,978,523,267,6538,5,594,1179,1506,1672,827,19,1946,618,344,2546,248,195,1104,279,48,1348,619,3107,109,435,215,1258,1160,489,468,3019,301,73,1945,136,125,1188,1027,50,248,167,608,471,266,570,130,360,495,1173
858,2709,4260,180,696,455,347,488,1014,42,1221,82,2039,151,176,427,308,1160,298,2183,304,250,924,215,2266,136,1502,125,34,376,445,1341,2420,88,205,279,270,2330,1639,1551,23,1662,485,353,912,669,483,1056,276,285,649,120,1435,234,50,1405,695,1091,205,573,200,504,1894,526,145,32,150,965,604,107,943,4228,232,275,375,5306,1250,227,1127,432,760,255,1072,92,172,199,408,1001,336,1017,4223,1991,180,814,959,738,448,353,1143,125,580,579,305,723,1351,359,21,598,1247,775,1536,169,10,1803,88,1530,227,1113,979,2938,207,490,293,97,237,237,1094,484,278,6386,5,552,1092,1377,1609,866,22,1984,584,409,3427,247,216,1075,221,53,1215,599,4139,116,445,195,1180,1217,374,441,3667,278,77,1486,144,147,1108,940,47,260,194,529,464,258,458,100,288,424,1197
877,2556,4860,178,747,309,458,457,1000,46,1197,84,2086,161,158,592,329,1117,294,2429,295,239,917,190,2556,129,1732,139,35,469,490,1448,2268,94,201,278,276,2202,1704,1290,15,1953,564,352,981,752,372,631,291,285,706,129,1577,239,60,1495,738,991,219,541,205,460,1930,496,134,33,161,1044,812,107,1071,4343,190,313,357,5525,1030,230,1132,484,727,312,1056,114,166,210,370,1074,354,1182,4359,2211,239,1018,993,603,423,432,1181,136,511,663,305,721,1299,247,21,723,1247,911,1408,193,11,2220,83,1390,219,1214,1013,2965,193,525,303,115,160,241,1244,473,224,6257,5,520,1196,1328,1276,860,20,1732,587,430,3816,272,224,1052,243,45,1376,641,4932,120,462,197,1242,1070,251,507,3416,264,82,1886,165,144,1195,948,48,247,190,412,436,250,411,107,450,440,1193
925,2765,4145,251,770,283,462,495,1131,46,1474,88,2133,164,146,690,375,1077,288,2241,304,236,796,201,2779,127,1684,115,31,500,491,1355,2059,99,182,386,213,2521,1593,1204,12,2003,494,332,1097,678,352,575,285,159,696,88,1643,331,55,1353,845,1003,205,542,212,520,1836,455,139,35,183,950,728,132,879,4259,177,349,366,5708,1132,213,1694,530,589,297,700,120,218,215,280,1309,383,1313,5330,2824,258,1326,914,668,395,437,1125,137,462,568,324,604,1232,251,20,732,1058,986,1558,223,10,2974,84,1458,215,1328,1173,2815,179,584,296,143,244,315,1302,549,209,7084,4,489,1274,1163,1316,665,21,1683,553,416,5113,283,225,1140,313,53,1636,674,4751,133,274,210,1402,1007,264,533,3210,291,81,1793,175,130,1179,984,47,349,177,371,434,205,419,114,509,458,1224
629,3071,5022,259,775,287,507,438,1207,62,1348,81,2451,252,123,819,374,1057,292,2484,283,207,745,191,2719,129,2048,112,36,583,506,1378,2313,101,174,317,200,2707,1861,1241,11,2278,465,281,1125,677,309,646,231,84,674,82,1984,338,62,1642,725,1008,196,505,211,597,2187,409,138,37,150,968,671,149,803,4192,126,354,424,5480,1067,235,1473,533,631,335,562,117,203,209,335,1346,388,1377,5153,3033,223,1848,977,468,368,455,1131,153,399,584,384,590,1315,237,14,725,1032,1047,2073,266,10,3084,79,1388,242,1303,1123,2681,163,569,320,225,242,315,1455,691,221,7904,5,481,1677,1468,901,744,17,1789,574,357,5423,296,246,1436,322,55,1737,627,6654,114,327,209,1488,1152,241,524,3192,330,84,1848,161,140,1130,942,49,228,197,418,512,206,348,75,490,486,1337
806,3147,5101,295,845,266,585,433,1259,60,1361,84,2416,270,140,789,396,1113,320,2130,319,209,838,195,3222,140,1522,92,35,573,535,1214,2235,67,224,348,181,2358,1939,1579,13,2414,464,288,930,614,293,651,304,79,748,83,1750,289,64,1694,748,1161,163,484,208,541,2218,452,149,36,171,1123,780,120,860,4018,130,357,465,5112,925,239,1536,545,694,290,543,115,245,197,368,1438,398,1437,4709,2863,236,2137,1020,605,394,468,902,208,336,566,473,575,1173,246,14,834,956,1120,2266,256,11,3110,76,1434,223,1229,1129,2416,161,530,350,186,269,316,1414,727,220,7855,5,532,2113,1461,911,825,18,1964,694,371,4982,253,247,1239,285,64,1804,595,5988,129,261,201,1650,1072,184,524,3307,297,87,2095,171,158,1014,840,55,378,221,436,499,213,337,24,566,448,1057
895,3740,5833,294,843,308,606,451,1567,64,1475,90,2993,284,129,805,474,1137,322,1626,375,233,1070,216,3298,165,1986,81,41,622,641,1222,2342,65,209,298,173,2568,1964,1488,13,2070,477,296,928,499,289,610,308,100,797,77,1710,299,66,1621,761,1116,146,512,208,576,2295,427,128,40,164,1335,551,124,664,4073,128,377,474,4125,913,252,1501,603,715,306,396,109,286,193,337,1445,354,1377,4564,3642,245,2271,989,660,403,464,1164,202,350,606,667,612,1250,295,14,771,625,1110,3377,278,10,3963,90,1318,251,1159,1014,2323,137,527,366,221,264,291,1413,696,215,8409,5,579,2392,1539,1098,760,16,542,991,401,4285,241,299,1217,256,63,1778,458,7427,132,253,177,2024,1241,205,511,3226,341,92,1941,149,162,1090,909,45,397,211,428,506,211,321,18,609,336,1173
818,3559,7090,342,680,278,662,468,1612,63,1676,79,3562,307,138,718,434,1127,335,1583,441,220,797,214,3350,166,2113,97,42,540,591,1232,2199,59,238,278,197,2837,1668,1501,13,2409,438,348,755,526,276,578,272,87,840,80,1519,258,66,1451,652,1109,152,588,234,544,2723,509,132,47,162,1356,543,121,663,4565,129,344,503,3944,944,254,1302,617,619,326,379,101,298,175,351,1374,323,1331,4689,3290,223,2041,938,331,395,518,1125,202,342,532,618,614,1201,355,14,889,605,1267,3661,250,10,3866,82,1480,245,1155,891,2248,136,545,339,198,182,301,1309,621,189,9696,4,637,2622,1696,1278,698,17,688,1092,376,4279,270,256,1212,271,62,1619,493,7076,126,247,184,2398,1173,189,582,4879,371,78,2121,137,154,1183,1022,48,406,217,459,553,196,349,20,690,360,956
735,4470,6549,337,622,370,702,583,1702,70,1649,66,5667,269,144,617,427,915,357,1170,480,240,808,234,2231,182,2010,96,52,539,621,1445,2141,66,256,256,186,2576,1650,1817,12,1922,457,335,740,376,316,196,272,92,850,79,1726,260,75,1405,596,632,148,607,232,595,2729,652,124,52,147,1307,516,137,655,4150,115,345,487,3297,918,307,1152,673,620,340,376,97,289,166,302,1516,292,1397,4370,3060,218,2142,910,369,351,472,1120,205,355,619,700,653,1250,349,14,976,501,1443,3340,433,9,4384,94,1363,264,1222,920,2546,148,640,447,206,168,377,1630,870,187,9430,4,886,2367,1606,1537,812,16,576,1072,387,5022,261,242,1178,282,68,1878,504,6490,139,101,223,2572,1190,186,714,4932,341,70,1728,121,240,1200,1027,48,294,220,400,544,214,340,21,792,354,703
661,3814,5180,361,707,364,775,720,1620,71,1925,68,6850,245,163,618,421,744,358,1457,543,251,971,254,3192,169,1728,97,54,509,716,1412,2054,70,268,329,183,3128,1636,2238,15,1936,435,345,724,417,326,179,293,81,934,77,1597,194,77,1370,567,609,167,590,282,904,3040,662,140,49,150,1252,477,151,628,4994,109,271,503,3633,715,326,1416,653,571,317,368,96,344,169,366,1336,310,1310,4295,3320,221,2371,861,372,345,499,1082,199,380,519,800,699,1147,320,13,979,467,1404,3580,366,9,4321,67,1098,266,1182,854,3254,96,826,425,206,155,415,1483,1223,201,11116,4,898,2770,1758,1916,605,16,508,1025,373,4590,265,239,1140,274,56,1866,575,5814,152,101,235,2238,1168,164,649,4620,333,77,1574,124,240,1495,1065,49,265,158,402,503,160,380,14,603,364,965
629,3665,4548,324,790,425,694,725,1403,56,2156,65,7154,259,160,642,398,345,352,1611,490,266,737,207,2565,142,1713,82,52,609,772,1424,2041,67,279,441,175,3017,1850,2042,15,1692,434,322,578,385,336,190,220,75,872,95,1516,203,65,1294,505,646,196,623,282,650,3162,579,167,60,151,1394,433,163,613,5231,114,295,500,3149,730,310,1618,739,554,360,438,129,363,167,291,1372,312,1586,6249,3713,211,2417,838,418,354,598,1131,197,390,507,777,849,1048,339,17,977,388,1456,3887,198,9,3720,56,1321,325,1211,849,3357,51,870,458,124,180,412,1640,1530,188,10382,4,881,2689,1887,1505,726,16,455,1132,366,4737,224,250,883,295,57,1780,552,5405,170,108,245,2365,1069,173,661,4998,383,94,1294,98,243,1428,904,51,332,136,330,730,198,383,14,634,361,1264
632,4217,4414,386,760,365,709,741,1432,41,1585,66,7205,258,145,599,409,439,402,1760,597,253,851,188,2256,137,1470,76,57,567,821,1458,2374,64,295,375,135,2568,1868,2021,11,1057,458,350,557,41,357,259,198,87,803,97,1498,204,73,1362,469,378,199,617,347,753,3938,562,249,51,167,1599,333,152,617,5775,144,249,451,2274,850,335,1890,762,587,321,443,132,378,151,129,1377,284,1780,6680,4670,196,2932,768,422,365,579,1176,226,416,529,851,822,1298,326,17,959,326,1546,3683,163,13,3660,63,1380,297,1178,986,4035,38,1129,428,156,192,466,1705,1729,103,10718,3,824,2425,2052,1217,649,14,308,1175,275,5585,211,282,924,234,63,1961,603,5990,145,119,225,2371,981,158,780,6081,324,88,1483,124,266,1310,947,61,312,149,341,909,122,452,15,318,369,917
622,6409,5078,420,799,351,743,847,1567,36,1104,58,6875,277,122,616,388,239,394,1813,586,244,802,159,1600,170,1233,67,56,514,774,1392,2431,62,265,233,132,2353,1817,1906,12,1039,458,346,473,42,316,304,227,96,863,84,1500,225,81,1294,439,342,222,760,385,774,4130,613,272,52,155,2252,307,174,547,5844,111,286,475,2322,827,280,2661,777,650,249,438,175,432,151,129,1359,300,1679,6250,4037,206,2950,797,447,371,578,1242,244,413,492,881,745,1167,339,16,1164,296,1807,2204,184,14,3381,65,1232,280,1120,1140,3556,39,1149,407,118,173,518,1798,1603,107,13068,3,980,2310,2043,1245,673,15,247,1246,269,5063,235,281,911,251,70,1946,538,6531,186,136,240,2591,911,212,744,6449,368,72,1297,115,280,1368,1189,47,333,136,350,1014,161,389,18,219,397,896
589,6073,6003,509,1021,381,777,756,2056,23,1159,49,8375,233,88,743,402,201,391,1661,678,199,742,191,1692,188,1292,58,54,534,753,1280,2083,59,259,255,113,2340,2375,1764,9,984,438,305,518,29,349,191,223,74,723,85,1645,237,86,1920,422,296,204,735,372,1001,4545,594,291,45,180,2223,212,123,556,6322,128,277,480,2412,758,284,2428,678,573,264,422,167,523,143,133,1346,317,1805,6786,4591,215,3001,822,505,337,634,1164,293,364,451,1033,763,1102,317,14,1089,537,2091,2394,180,15,3014,69,1212,237,784,1393,3937,46,1233,442,127,232,490,1734,1843,138,12847,3,1003,2687,1946,1510,854,14,353,1325,295,4886,205,241,825,257,87,2137,392,6914,233,136,213,3008,925,230,677,6280,399,80,1418,101,315,1467,1031,34,586,143,360,1062,159,452,23,268,323,764
604,5948,3024,461,1018,311,866,724,1860,18,1085,50,7836,235,89,760,510,192,546,1667,626,187,1022,189,1482,229,1304,61,49,538,724,1446,1871,51,259,246,97,2569,2017,1793,9,981,433,305,635,26,346,232,227,72,729,92,1559,242,76,1737,451,203,197,697,421,994,4296,490,266,40,192,2786,239,103,608,4154,130,271,464,2874,749,293,2345,698,551,262,485,182,492,141,138,1391,295,1556,9045,5068,230,2866,851,486,256,635,1111,351,402,461,913,702,1052,325,14,1119,245,3042,1482,176,15,3136,63,1142,211,403,1622,3681,21,1190,434,143,215,496,1839,1775,142,13247,3,1487,2218,1702,2060,918,15,326,1502,276,4752,220,261,908,232,91,2049,389,8226,225,140,222,3327,1007,188,791,7647,420,87,1817,100,301,1350,967,30,525,147,402,1006,153,433,21,271,360,759
527,5790,3037,427,1017,253,905,878,1689,19,941,48,7590,228,96,832,543,210,128,1703,552,209,881,222,1257,227,1396,54,55,518,1050,1304,2455,42,337,189,75,2884,1983,1850,9,998,430,317,512,28,369,262,221,47,706,97,1615,262,69,1830,458,202,215,683,357,1112,5515,496,256,42,194,2955,229,96,653,4575,132,254,545,2963,574,297,2442,640,495,294,589,186,510,144,98,1472,294,1628,8759,3707,202,2446,845,198,302,724,957,347,379,465,854,806,1210,298,15,1169,253,3755,1562,230,17,3076,63,1143,226,371,2012,3944,27,1310,510,163,352,513,1645,1647,121,14623,3,1830,2179,1965,1436,886,13,259,1791,278,4652,224,281,992,198,83,2258,367,11346,179,114,193,3895,1016,182,749,8769,425,77,1838,91,301,1097,1125,41,541,165,434,1182,137,497,17,299,353,880
498,5565,2936,478,1036,341,801,791,1897,19,971,38,8078,226,101,951,563,265,115,1712,578,190,952,186,964,219,1757,57,59,604,1115,1131,2875,42,308,203,70,2729,1492,1956,10,755,414,325,636,21,330,295,153,46,607,87,2037,215,56,1870,623,171,205,599,425,880,5852,555,254,48,191,2979,224,72,576,3421,132,246,372,2774,632,287,2434,599,426,286,693,207,726,162,90,1898,310,1554,8337,3536,198,2750,830,233,262,762,993,324,343,465,795,783,1150,334,14,1008,221,3833,1307,286,19,2876,68,1235,263,364,2099,4315,21,1324,469,133,547,562,1506,1823,116,15500,3,2359,2172,2052,1351,957,14,204,2063,257,5349,218,226,989,201,56,2479,328,10541,159,114,286,2849,1012,173,674,10377,509,76,1867,92,309,1203,1029,44,586,143,381,1112,74,556,15,349,411,1140
483,6992,2568,475,1099,372,848,689,1864,21,907,43,7275,231,85,1376,550,288,112,1600,535,175,1098,175,756,198,1779,41,69,626,1162,1208,3438,47,281,207,78,2524,1589,2145,10,649,403,359,639,24,278,290,128,50,550,112,2236,223,58,2099,611,190,212,565,438,845,6138,604,274,57,185,2676,272,63,506,3938,106,281,355,3164,699,258,2391,550,481,255,743,198,691,172,90,2619,283,1658,9790,3207,247,2843,950,222,210,699,741,285,337,505,847,739,1076,314,15,978,261,3526,1341,263,22,3112,70,1314,284,408,1910,3880,25,1358,499,130,468,547,1397,1377,132,17108,2,2298,1462,2006,1174,895,12,224,2655,266,6119,212,226,938,229,56,2807,358,10766,227,101,263,1874,1135,175,605,9893,617,84,1838,86,330,1571,1119,45,491,148,426,1214,67,397,17,451,392,1203
478,7560,2056,449,1061,255,773,571,2339,24,921,37,6149,231,94,1434,670,301,135,1605,817,186,752,189,782,209,1837,34,58,668,1620,1348,3349,44,269,288,71,2598,1877,2265,11,657,467,307,606,10,301,278,125,40,544,111,2011,188,50,2034,655,222,181,517,341,675,5981,541,323,64,180,2939,289,73,475,5565,87,211,277,3215,713,237,2311,491,592,283,607,183,596,151,79,2833,299,1756,10045,2942,230,2595,956,221,213,835,757,286,306,485,816,704,1192,335,10,1181,218,3908,1343,228,27,3484,69,1348,284,445,1719,4189,25,2086,524,150,432,606,1761,967,121,19138,3,2866,1255,2573,1307,809,12,263,3056,260,6025,202,190,969,224,56,2608,401,10835,230,97,237,1676,1140,205,551,12598,579,85,1704,70,366,1625,1202,34,405,147,417,1434,53,417,23,537,365,1131
519,9143,1917,459,1125,244,719,734,2737,25,906,47,7054,233,88,1639,797,303,108,1602,773,194,806,193,843,191,1411,30,53,791,1815,1287,3171,46,403,253,65,2929,1768,2175,17,632,494,281,493,9,313,255,109,36,601,98,1882,236,42,2549,744,226,188,466,352,878,6076,564,291,63,183,3306,150,95,459,5270,89,238,299,2427,688,240,2359,596,561,286,548,195,600,150,94,3088,308,1884,11598,4135,240,2483,1077,114,177,895,859,331,293,500,968,755,1059,292,10,1140,270,4269,767,268,30,3109,87,1348,259,417,1959,4484,26,2626,514,138,429,589,1646,947,124,22435,3,2800,1451,1803,1382,1271,11,235,4487,236,6865,194,177,915,205,52,2586,405,9792,223,93,209,2046,1078,212,564,12411,615,76,1688,63,346,1529,1099,39,398,136,335,1468,56,458,23,533,360,1178
471,8515,2455,472,906,237,689,713,3123,26,937,44,7577,233,80,2172,891,250,65,2390,877,207,1046,203,808,177,1543,32,54,853,1750,1231,3624,49,517,243,69,3550,1991,2193,14,671,479,299,493,10,284,187,76,34,561,88,1620,174,47,2365,777,317,222,443,457,967,6018,518,346,70,179,3286,192,87,450,4813,86,246,314,2491,751,213,2397,675,623,258,382,182,621,152,72,3308,278,1839,11320,4378,303,2583,970,113,162,846,990,404,304,475,1428,743,1374,315,11,1403,277,5164,724,328,27,3029,91,1494,282,387,1969,5465,26,2907,486,136,458,743,1577,926,122,24223,3,3149,1682,2116,1107,1411,12,145,4493,267,7242,212,161,846,209,45,3090,398,9704,210,92,299,2362,970,154,610,13385,730,72,1758,61,363,2296,1130,43,380,125,331,1604,52,519,21,497,378,1085
472,8535,2273,533,937,263,681,730,3452,28,899,46,6850,228,74,2787,996,312,50,2769,800,183,841,177,802,194,1480,34,51,1079,2085,1266,3750,44,588,247,59,4400,1884,2017,12,695,513,277,537,9,260,164,89,43,630,74,1622,169,51,2231,761,310,265,438,367,1085,5773,475,363,76,168,3298,170,78,470,5178,102,217,301,3061,760,251,2126,805,758,273,481,203,575,137,71,3938,284,1882,12621,4787,310,2308,1027,162,171,740,980,383,314,435,1985,695,1624,285,10,1905,111,5531,753,334,26,3451,106,1206,255,357,1994,5408,26,2686,549,123,464,691,1926,1126,111,27230,2,2915,1534,3391,1099,1495,11,126,4927,292,6937,203,175,899,247,46,3014,400,9549,196,93,349,2543,1094,164,910,12925,673,70,2506,40,377,2651,1345,45,414,128,353,1745,58,458,20,412,367,1336
482,9314,2290,657,941,234,576,715,2865,28,975,53,6682,246,74,2283,968,334,41,2748,1345,230,1023,202,864,180,2034,33,52,1472,2141,1176,3522,44,703,280,72,4295,2209,2125,12,777,495,284,565,7,289,146,125,65,634,81,1826,183,49,2546,815,312,290,665,371,1311,5379,540,372,80,171,3597,134,71,368,4825,99,193,314,2932,840,184,2114,706,887,274,514,208,511,139,77,3823,294,1683,13842,6573,329,2961,952,147,202,777,971,389,286,422,2010,811,1667,292,10,2031,128,7340,883,352,26,3629,112,1116,221,343,1884,5990,31,3180,545,121,624,717,2345,908,122,26849,2,2764,1832,4090,1185,1406,13,91,4294,274,6641,239,177,672,257,49,3259,374,9132,204,109,347,2759,1057,85,1162,11368,689,68,3186,45,388,2658,1450,43,307,136,317,1579,50,485,19,396,388,1590
367,11850,2488,603,921,199,641,626,2814,26,827,61,8693,154,63,2197,1089,345,31,2825,1373,202,1062,218,515,194,2347,32,52,1757,2444,1084,3425,41,751,286,72,4556,2365,2139,11,815,554,215,435,7,255,145,142,45,717,69,2142,180,48,2418,742,453,321,696,396,1079,5904,503,338,73,157,3249,150,64,269,5459,87,226,307,2679,866,178,2138,711,754,280,569,194,494,143,69,3568,276,1892,12980,6244,305,2670,899,140,210,804,789,390,272,401,2110,742,1692,322,9,1702,129,6669,1067,314,24,3461,120,1007,214,343,1803,6066,34,3111,583,146,684,756,2870,729,130,26470,3,2446,2055,4684,1334,990,15,71,4953,288,6976,246,154,560,271,70,4005,395,11041,200,106,475,3029,996,96,1230,13763,758,79,3770,47,408,2938,1414,34,416,136,359,1643,61,494,17,374,373,1628
376,13020,2349,552,877,151,567,617,3018,23,896,74,8328,158,63,2035,1088,370,30,3019,1325,205,1113,227,477,214,2368,36,65,1547,3522,1180,3509,48,680,299,71,4165,2588,2140,11,802,574,273,351,6,296,161,167,50,673,60,2479,139,36,2313,711,399,329,707,435,1051,6056,470,263,84,162,3046,150,43,263,4595,92,204,329,2200,939,180,2170,619,987,278,524,212,520,138,73,3202,261,2316,13546,7117,350,3460,862,151,200,818,822,374,301,383,2176,744,1686,316,10,1983,121,6595,1060,358,27,3541,98,1108,170,338,1872,6133,34,2710,629,143,594,761,4154,601,135,27426,3,2258,1987,4444,815,649,13,69,5378,303,6661,232,167,319,305,76,3265,334,11931,254,141,604,3877,930,103,1313,15104,605,74,4555,49,458,3231,1648,35,240,138,326,1368,62,516,17,383,375,1508
336,14235,3180,552,824,146,656,580,2930,22,864,62,7857,160,66,1557,1130,392,31,2215,1485,202,1164,211,649,213,1903,21,63,1582,3975,1251,3549,55,711,262,73,4041,1728,2164,14,836,568,266,344,7,270,159,148,47,670,67,3449,142,40,2313,718,510,340,779,427,846,5689,158,267,129,158,3464,146,54,276,3962,87,181,326,1821,959,190,1982,576,937,308,613,188,525,135,84,3326,234,2477,13407,6929,330,3541,821,174,199,737,907,366,316,428,3242,793,2372,283,8,1961,130,5576,1164,378,25,3524,94,1026,147,310,1675,5986,27,2589,619,147,467,762,4250,392,125,26305,3,2033,2204,3910,986,663,13,61,5816,323,6261,255,143,281,319,82,3173,298,10454,266,151,688,4498,1043,94,1521,14337,656,83,4497,50,552,3889,1666,37,249,131,310,1370,49,567,10,409,459,1376
267,13853,4212,601,757,158,582,539,2666,20,1031,55,7600,169,73,1642,1148,405,29,2560,1714,178,1064,218,670,233,2248,19,75,1389,3453,1415,3670,50,1017,307,61,4668,2177,2122,15,787,593,298,326,7,287,115,195,45,695,64,3692,150,37,2488,729,352,277,854,388,773,4827,179,277,165,169,3914,130,47,250,5221,87,201,319,1772,941,172,2113,523,875,341,549,227,515,156,72,3264,224,2487,14297,8244,337,3260,782,168,163,687,842,345,382,417,3436,663,2094,297,9,2286,155,5151,1075,378,30,3405,106,894,175,268,1718,5799,21,2920,663,141,504,911,3702,291,105,24700,4,1897,2912,4309,1014,740,11,61,8590,268,6222,271,148,226,294,85,3174,275,9470,289,152,710,4724,983,86,1626,16019,584,75,4790,52,677,4335,1638,31,256,125,290,1216,47,633,9,565,475,913
328,13833,3753,652,581,114,656,507,2357,18,1037,56,7239,173,74,1810,1079,537,28,2886,2130,171,1349,211,598,233,2559,22,71,1468,3287,1238,4053,52,1129,298,64,4691,2308,2399,16,748,500,288,301,7,277,151,168,50,682,46,4264,163,38,2774,502,344,270,753,292,712,4446,195,253,151,186,4044,132,45,258,5444,92,208,385,1840,1174,192,1482,588,637,360,197,318,594,163,89,3048,223,2318,15782,6997,434,3647,877,155,156,802,828,443,427,389,3355,695,2741,272,8,2228,154,5380,1004,274,33,3414,98,943,147,169,1978,5988,24,2666,720,139,420,880,3905,311,106,25052,2,1865,2864,3953,1162,751,11,54,8072,295,7062,226,136,334,243,115,2603,290,8743,274,157,727,5050,1081,98,1894,18290,595,81,5817,65,654,4482,1779,32,208,115,240,1193,41,592,9,621,496,1049
416,12753,3749,635,566,141,655,537,3021,21,1410,61,6837,191,64,2121,1150,625,24,2861,2328,171,1739,176,603,235,2179,23,68,1613,2903,1176,4127,57,1478,244,60,4953,2194,2478,14,813,444,300,283,9,294,193,218,63,747,36,4534,154,29,3144,613,255,265,693,298,708,4787,201,256,151,204,3884,119,24,241,6088,107,189,358,1392,1184,165,1431,565,634,304,187,291,626,170,91,3235,211,2517,15811,9024,379,3810,881,197,149,847,922,429,476,390,3535,622,3253,261,9,2306,147,5547,862,340,33,3501,84,857,130,149,1556,6533,25,3286,677,81,475,980,4003,302,107,25142,1,2178,2531,3343,1329,876,11,70,10837,278,7866,203,131,315,220,119,2484,281,9187,223,132,971,4392,1056,111,1774,17272,664,75,5564,34,744,4592,1749,30,172,109,216,1324,35,607,6,658,423,1028
456,13324,3433,583,628,138,542,611,3230,23,1468,61,7916,239,65,1704,1106,647,23,2790,2374,160,1828,176,564,239,1989,22,67,1669,3020,1209,4063,62,1965,261,73,5027,2430,3025,17,803,391,345,310,9,278,218,332,81,582,31,4078,158,31,3446,644,280,348,649,295,664,5518,215,288,168,211,5088,146,28,277,5825,116,193,307,1774,1212,156,1549,625,501,338,192,368,590,183,84,3557,180,2502,18629,7875,391,4167,901,211,151,887,1051,401,410,394,3438,673,4639,268,9,2276,160,6409,883,355,41,3387,80,827,130,157,1316,6143,24,3437,829,73,437,896,3508,337,97,27910,1,2428,3236,3779,1136,581,12,85,9715,268,8631,200,138,277,196,134,2243,319,8576,223,147,1135,4678,928,104,1958,14733,505,84,7358,24,957,4561,1615,32,195,116,201,1810,35,610,4,613,480,953
434,16070,3117,537,607,122,485,653,3934,17,1286,51,8956,230,58,2038,1172,678,23,2621,2872,175,2063,173,571,257,2257,27,89,1760,3670,1097,3768,63,2188,227,61,4880,2290,3244,22,876,396,385,370,11,274,321,362,84,723,28,4312,155,29,3153,643,293,339,691,362,558,5737,189,320,195,220,5003,127,31,320,6078,121,173,313,1974,1113,165,1570,663,445,352,190,310,586,189,81,3196,167,2713,20048,7304,433,3704,860,169,181,848,975,445,441,348,3894,608,4722,305,9,2614,167,6716,814,304,39,3298,74,1024,132,146,1405,6753,26,3168,819,71,405,848,3937,503,76,25644,2,2776,3373,3481,899,550,12,88,8937,339,10432,168,145,257,209,164,2435,345,11152,212,150,1176,4536,897,95,1976,15036,545,87,7108,20,912,4694,1687,32,236,124,198,1728,38,595,4,409,531,942
363,15712,2100,515,645,94,550,600,4286,16,1482,54,8952,212,52,2158,1269,524,24,2609,3087,173,2157,191,460,263,1923,30,98,2146,3755,1167,3764,71,2435,177,62,4639,2604,3374,25,967,465,377,363,11,275,327,506,79,785,30,3992,166,25,3946,772,318,345,988,285,497,5563,187,382,216,213,4981,153,40,304,6205,127,192,400,2043,1145,183,1468,816,411,370,225,275,623,200,75,3298,160,2724,22956,8131,453,3500,934,125,146,855,986,444,439,337,3692,650,4254,305,9,2532,192,6147,620,318,42,3300,88,1105,129,145,1596,6986,31,3160,921,75,222,921,3673,536,62,35155,2,2797,2651,4306,984,485,11,82,9175,350,11624,204,164,310,226,196,2013,317,13190,193,204,1188,3760,894,97,2047,16723,656,106,7399,17,1075,5113,1810,28,214,108,139,1739,46,587,5,372,493,1084
379,15150,2193,513,575,80,575,711,5007,11,1387,53,8174,208,45,2345,1122,546,12,1977,4537,149,2144,148,374,265,2387,27,109,2141,3943,1310,3629,65,2329,209,64,4352,2215,3356,9,1089,569,372,423,14,247,434,520,89,772,26,4021,172,24,3722,762,302,350,1233,299,436,5779,181,370,261,227,5645,156,46,280,6349,155,212,389,2365,1163,157,1540,695,470,358,177,328,618,231,82,3422,173,2514,22556,7780,422,3426,967,124,140,849,891,487,415,326,3736,722,4215,306,10,2103,202,7962,668,341,40,3566,99,1082,103,148,1518,7452,33,3359,1305,74,241,874,3760,379,88,38133,2,2897,2728,5022,818,475,11,78,9397,336,13306,221,163,311,229,191,2394,337,14016,239,210,1406,4296,884,51,2647,17854,621,105,8061,14,1077,6536,2035,28,208,98,149,1743,47,598,6,416,545,872
375,15444,2196,638,500,101,570,734,4987,11,1300,51,8965,197,36,2889,1301,413,12,2218,4295,128,2287,152,307,271,2314,28,118,2444,3698,1234,4262,63,2025,206,42,4886,2331,2987,9,1284,605,409,405,11,266,325,466,79,729,22,4527,174,23,4037,1010,286,370,1354,209,563,6019,150,353,234,245,5570,181,42,275,6637,147,224,308,1788,1047,198,1563,783,562,409,181,337,746,245,93,3979,184,2849,20166,8122,465,3467,937,108,114,693,750,431,422,320,4275,785,3984,329,9,2084,187,7413,727,345,42,3799,99,1069,112,170,1215,6961,37,3715,1527,69,191,946,3824,297,96,37194,2,2693,2729,5883,960,354,9,76,9342,262,13969,220,168,301,200,155,2559,323,14598,236,234,1501,4314,872,38,2370,20852,657,99,10445,15,1172,6492,2050,27,196,91,159,2161,62,562,3,360,563,1029
322,14844,1556,749,463,107,444,832,5342,11,856,40,9072,202,34,3037,1607,421,11,1631,5147,136,2335,134,391,286,1770,30,147,2452,4538,1239,4467,57,2181,228,40,6574,2351,3012,6,1265,635,505,403,12,252,307,454,82,666,24,4899,155,25,4160,1012,199,410,1915,187,605,5658,150,378,224,207,4993,198,37,254,6745,57,232,296,1771,824,181,1703,873,515,434,182,390,796,309,108,4841,199,3037,16762,7941,537,3280,789,97,108,870,879,577,462,343,4834,804,5704,330,8,2165,225,8062,685,377,49,3321,78,1166,107,196,1389,7358,41,3995,1537,65,215,1158,4155,357,113,46430,2,2393,3215,6600,1054,461,10,83,10010,298,12752,213,160,343,236,139,2289,339,16327,211,255,1373,5939,843,31,2438,20099,744,97,9267,15,1407,6595,1896,25,146,91,178,2151,80,612,3,392,566,1253
321,15415,1408,687,415,108,505,843,6060,12,872,43,8946,237,38,2829,1545,702,12,1562,5713,115,2428,139,431,407,2033,28,132,2440,4720,1419,6553,62,2307,208,44,6379,1964,2919,6,1208,521,514,371,12,246,269,471,77,709,25,6091,58,24,3969,863,186,359,2693,185,770,6112,178,372,235,215,6510,214,40,265,6642,53,273,296,1866,844,157,1811,788,608,369,165,413,760,314,155,4545,184,2548,17623,8782,643,3508,806,116,99,989,969,585,485,348,4840,786,5845,351,8,1961,190,7391,515,390,48,4027,83,1243,120,209,1276,7886,38,4131,1505,58,214,1021,4236,361,103,53849,3,2550,3254,7920,1230,404,10,81,9968,258,15563,200,163,335,226,109,2524,368,17665,191,246,1109,5383,777,26,2666,19304,626,99,10266,23,1495,6518,2074,28,156,75,151,2260,95,689,3,405,639,1613
235,15880,1731,692,366,115,600,785,6771,11,884,43,9401,207,47,3268,1955,710,13,1873,7989,119,2740,144,360,412,1928,27,134,2880,5577,1675,7380,58,2164,235,51,7774,1822,3021,4,1229,493,615,383,11,222,231,351,82,780,25,6641,49,27,3664,928,234,363,2448,183,760,5699,133,307,218,244,7131,198,38,293,6247,49,273,263,2160,907,165,1856,867,717,361,190,527,866,293,175,4567,187,2368,19799,7712,710,3692,852,89,84,1053,1040,685,442,391,4563,740,6128,389,6,2772,178,6623,500,503,53,4496,85,1252,112,153,1230,7762,35,4527,2084,73,242,1015,5327,417,129,54477,3,2639,2906,9047,1125,504,10,96,13042,232,15186,161,171,321,240,92,2675,409,20717,180,229,946,5342,778,26,3135,17890,673,130,10352,20,2123,6786,2215,17,181,69,147,2680,95,633,3,341,606,1546
275,16807,1531,1016,382,112,701,726,7317,13,832,51,9190,174,44,3085,1838,707,13,1992,8444,124,2719,143,307,481,1949,25,148,3675,6099,1799,7188,57,2416,186,47,8530,1148,3019,4,1193,454,600,504,12,165,189,369,72,767,25,6559,39,28,3979,969,223,420,2398,191,716,6070,126,290,246,235,7524,175,39,306,6729,51,240,273,2438,911,159,1852,896,802,415,211,600,1003,286,182,4992,142,2411,20861,5569,681,3592,769,97,92,1143,798,670,475,390,4846,849,6355,376,6,2697,178,6553,488,358,56,4670,109,1265,123,156,1269,7825,40,3963,2771,73,250,1066,5131,491,113,55552,3,2304,3119,9423,1039,489,10,123,16812,224,14957,133,169,293,241,83,2664,417,21542,300,226,874,5230,820,39,3412,24355,742,117,9315,18,1994,6990,2360,16,166,59,161,2601,77,716,3,306,562,1348
257,22958,1259,1244,451,123,658,821,8195,16,1010,51,8425,162,49,2054,1940,673,13,1878,7932,112,1860,154,338,480,1546,26,158,3522,5922,1906,6060,60,2844,175,53,13278,1141,3807,4,1220,426,658,516,13,162,199,515,62,852,24,8259,38,31,4170,1045,258,414,2637,224,781,6629,114,284,240,222,6899,152,19,338,6195,52,251,420,2204,839,151,1607,876,661,317,233,647,892,309,170,5764,148,2488,19545,5097,712,3885,746,87,94,1580,891,780,445,460,5432,790,8002,253,7,2485,181,6495,522,282,70,4393,111,1078,139,169,1184,9528,38,3569,2537,42,190,1138,5692,617,113,53914,3,2564,3172,8606,1113,695,9,115,17640,256,18392,158,138,285,246,80,2472,484,20558,281,224,934,4192,700,42,4735,24822,790,115,10475,26,2059,4660,2406,10,243,62,177,3026,67,658,4,305,574,1278
267,27940,1254,1233,420,86,683,750,8609,13,817,54,8443,172,47,2381,1764,577,15,1750,8485,122,1557,135,281,463,625,26,167,3693,6180,1743,7429,65,2659,242,72,13098,1083,4274,3,1284,418,730,499,6,201,224,440,77,775,24,9473,40,31,4430,1289,302,374,3151,232,748,6962,106,269,224,212,6080,179,14,330,6496,53,304,416,2814,873,160,1503,803,714,398,278,683,1021,383,173,5885,157,2760,22411,5044,808,4941,786,97,101,1950,879,883,454,439,5051,708,7887,232,9,3169,118,6824,482,238,70,5149,106,896,133,112,1081,9855,46,3313,3190,25,212,1245,5247,798,125,51134,3,2448,2794,10390,731,710,9,118,18039,276,16664,183,143,272,260,80,2608,505,20394,269,208,921,4067,791,30,5111,28353,796,111,10695,30,2450,4700,2730,8,182,61,204,3571,72,717,4,295,604,1189
255,37563,1784,1885,349,88,717,758,11550,15,759,58,8657,175,39,2229,1721,613,11,946,9860,101,1519,150,248,480,660,30,168,4732,6645,1806,7924,59,3468,275,84,15324,1107,4616,3,1345,399,700,516,5,216,231,499,60,691,24,10168,35,35,6343,1393,286,398,3256,287,709,6710,124,258,242,180,6404,206,14,292,6001,35,273,402,2265,713,136,1476,746,917,416,305,592,1143,440,119,5962,151,2848,19921,4237,946,6206,662,107,96,1924,846,917,440,405,5000,755,8169,260,9,3332,127,6421,519,257,69,5729,107,880,145,113,988,9574,34,3513,2932,34,157,1072,5656,816,121,61275,3,2782,2877,12117,803,895,6,91,16627,272,16954,172,148,284,242,85,2640,512,24822,279,240,977,3698,499,31,5253,30834,717,106,11409,30,2771,3886,2581,8,194,58,206,4277,69,811,7,332,663,1006
256,37519,1580,2213,372,74,607,822,12837,15,702,48,9133,147,42,2503,1731,555,9,994,9528,104,1666,139,329,492,664,32,173,3945,7104,1907,7547,65,3480,274,67,15227,1049,4823,3,1306,320,648,444,5,216,190,613,60,816,23,8753,45,31,7007,1428,302,460,4959,328,655,8055,123,244,234,183,6194,201,14,310,6174,37,263,393,2706,704,112,1509,899,987,429,269,562,1000,450,131,6834,156,2667,21657,3984,1031,7509,619,54,95,1780,854,834,431,427,5260,695,7866,260,11,3824,123,5662,618,272,75,7268,141,824,125,128,1172,8064,24,3456,3328,30,156,1280,6714,762,119,85707,3,2745,3316,11986,934,427,6,78,20288,280,18299,188,138,268,274,77,2458,496,25821,265,243,973,3086,502,31,4874,29508,816,103,10564,30,2915,2742,2852,6,190,52,205,4014,57,803,9,366,653,1049
258,41175,1694,2263,319,59,618,805,13653,15,541,61,9269,174,43,2362,1542,473,9,762,9107,104,1729,117,294,437,689,24,157,5059,7449,1867,8662,68,3547,256,74,12840,995,6300,3,1163,344,722,511,5,210,218,786,53,864,27,8377,22,31,7348,1607,234,336,4450,334,566,9279,122,183,259,183,6366,163,16,300,6595,35,274,335,3655,625,106,1513,899,918,402,292,546,972,516,128,6393,132,2629,18521,3822,925,6974,643,54,111,1838,709,954,464,485,5471,629,8188,251,11,3892,121,5435,546,330,66,7121,148,872,129,127,1307,8071,31,3163,3229,34,131,1404,6597,1008,102,84361,3,3082,2147,8147,901,474,6,76,19177,263,17667,198,120,273,230,81,2127,465,25358,242,319,1070,2797,526,25,4801,34069,819,108,10485,36,3371,2982,2795,6,186,50,173,3924,57,738,11,377,597,1040
233,42582,1890,2226,281,55,685,839,13762,15,537,58,10032,189,51,2793,1647,465,8,767,10615,102,1836,114,313,409,782,25,163,4972,7129,1756,8845,61,3851,305,69,16158,1062,7492,2,1145,307,684,511,7,211,230,1037,36,985,18,8143,25,30,7816,1676,183,378,4728,371,529,8252,131,189,286,187,6530,155,13,313,6049,37,272,384,3094,563,117,1429,969,918,374,268,560,954,529,78,7947,121,2910,17407,2752,1005,7286,714,44,111,1885,760,1131,416,418,6279,538,9680,280,10,3874,132,5450,756,363,61,8049,154,890,144,66,1383,8693,33,2960,3549,25,146,1462,7728,1028,88,93011,3,2846,2262,8611,1008,579,7,65,21948,267,19809,210,138,217,206,85,1946,485,26072,214,350,1077,2464,494,31,5826,34011,745,105,10986,35,3763,2785,2886,5,183,47,191,4454,34,695,12,435,748,1233
298,38888,1670,2214,295,42,737,901,15347,16,580,61,10734,131,43,2438,1462,507,10,965,10204,90,1821,90,433,373,830,22,137,4268,6558,1531,8599,53,4225,311,100,20235,813,8336,2,1002,314,622,505,8,222,220,1046,24,901,19,9846,26,34,7623,1642,129,435,5042,384,510,9610,116,193,348,195,7263,163,13,294,4766,37,246,377,3389,512,111,808,892,973,455,238,526,892,599,57,8599,131,3345,16532,2845,855,7125,870,53,120,2115,774,1091,496,410,6288,512,9637,277,11,4269,129,5488,721,364,60,8619,143,821,152,40,1080,9877,31,3146,3311,31,180,1525,7468,752,90,93166,3,2901,2121,6086,851,474,8,78,23464,269,19476,180,145,196,233,86,1848,489,27894,204,354,1110,2715,389,30,6894,33803,721,105,10563,30,3864,2679,2923,5,163,55,182,4307,37,720,11,446,667,813
322,43746,1835,2518,290,33,655,883,18333,16,583,65,11030,136,55,3327,1744,541,11,819,9102,82,1907,92,411,353,701,23,128,4822,5814,1265,8636,52,4060,347,99,22009,946,7278,3,1154,379,580,515,11,196,236,1439,20,818,16,9435,25,39,8173,1884,133,429,5396,313,532,9779,116,201,367,179,8286,160,11,240,4128,36,273,367,2314,499,128,807,823,977,431,177,572,1079,561,54,8485,138,3739,18121,3424,890,7620,1041,63,112,2035,697,1131,406,385,6798,508,11242,219,11,4476,98,5138,648,540,59,9079,153,834,189,40,1143,9162,35,3815,3249,37,184,1593,6544,796,94,110058,2,3360,1934,7627,788,368,7,65,25731,295,25721,147,142,192,247,100,2063,502,27972,173,434,1520,1778,385,47,7295,29999,748,98,9088,35,3640,2128,3396,4,179,60,183,4403,28,862,11,594,670,861
390,46537,1735,2463,270,30,599,994,22980,18,485,60,13980,146,64,3748,1816,421,10,946,10653,95,1771,90,245,430,661,25,147,5726,5561,1018,9991,57,5036,385,79,20469,1062,7940,2,1111,344,549,530,12,218,211,1603,24,788,18,9029,17,39,8498,1731,129,604,6818,333,422,9920,114,181,357,184,9180,180,8,342,4226,31,337,381,2226,385,144,762,912,782,466,196,560,1057,599,56,9451,132,4367,26694,2835,1035,8539,1055,61,120,1968,629,1031,382,391,5647,520,10430,186,16,4975,88,5266,627,485,66,8355,163,799,199,35,1203,8684,37,4785,3465,38,186,1855,6273,825,102,115089,3,3820,1850,10084,1075,356,5,64,27458,324,24168,165,125,232,310,85,2241,526,24498,116,434,1452,1863,392,45,8407,28798,631,94,12016,36,3882,1910,3300,3,196,56,182,3768,29,716,6,517,723,962
451,44942,1829,2785,272,42,646,1085,20596,21,460,71,15863,142,63,2980,2026,417,10,1332,10240,107,1750,101,217,508,810,22,133,6897,6100,1077,10814,62,5695,231,87,23367,1105,8273,1,980,257,596,427,11,234,198,1339,22,723,18,9105,18,34,8988,1828,131,682,6806,278,385,10313,116,172,320,192,9371,289,8,302,4733,26,343,376,2240,376,148,810,789,720,455,214,469,1095,675,55,8918,143,5371,28645,2947,952,9267,1004,60,114,1991,566,1221,396,391,5886,570,10484,194,15,5361,109,5009,485,563,66,8886,156,965,192,36,1049,9832,38,4857,4343,20,208,2200,8648,1002,103,119161,4,3967,1729,8618,1535,451,6,67,32437,340,25424,132,115,226,312,76,2140,540,30146,127,499,2095,2079,347,47,11406,27395,632,124,12071,30,3792,2055,3817,3,177,57,138,2945,33,723,5,565,806,1073
